Census_Region,benchmark_percentage,kroger_percentage
Midwest,0.198383024,0.298743669
Northeast,0.209004982,0.258304826
South,0.174297658,0.283406704
West,0.325320823,0.23637862
